game_pk,game_time,batter,batter_name,pitcher,pitcher_name,has_platoon_advantage,park_factor,temp,wind_speed,pred_hr_prob,edge_pct,kelly_fraction,model_name,prediction_timestamp
824410,6:40 PM,700932,Kyle Manzardo,657746,Joe Ryan,0,104,71,5,0.040694962665430164,-54.8,0.0,XGBoost+LightGBM,2026-07-20T23:37:45.637533
824410,6:40 PM,683953,Travis Bazzana,657746,Joe Ryan,0,104,71,5,0.028739289036766518,-68.1,0.0,XGBoost+LightGBM,2026-07-20T23:37:45.637533
824410,6:40 PM,800050,Chase DeLauter,657746,Joe Ryan,0,104,71,5,0.021641605299162016,-76.0,0.0,XGBoost+LightGBM,2026-07-20T23:37:45.637533
824410,6:40 PM,677587,Brayan Rocchio,657746,Joe Ryan,0,104,71,5,0.022878733263170786,-74.6,0.0,XGBoost+LightGBM,2026-07-20T23:37:45.637533
824410,6:40 PM,656555,Rhys Hoskins,657746,Joe Ryan,0,104,71,5,0.03399794553759715,-62.2,0.0,XGBoost+LightGBM,2026-07-20T23:37:45.637533
824410,6:40 PM,682177,Daniel Schneemann,657746,Joe Ryan,0,104,71,5,0.015435055454127497,-82.8,0.0,XGBoost+LightGBM,2026-07-20T23:37:45.637533
824410,6:40 PM,681807,David Fry,657746,Joe Ryan,0,104,71,5,0.04217361533210399,-53.1,0.0,XGBoost+LightGBM,2026-07-20T23:37:45.637533
824410,6:40 PM,672275,Patrick Bailey,657746,Joe Ryan,0,104,71,5,0.02160483463260194,-76.0,0.0,XGBoost+LightGBM,2026-07-20T23:37:45.637533
824410,6:40 PM,690984,Petey Halpin,657746,Joe Ryan,0,104,71,5,0.00028197844038734964,-99.7,0.0,XGBoost+LightGBM,2026-07-20T23:37:45.637533
824410,6:40 PM,663616,Trevor Larnach,676440,Tanner Bibee,0,104,71,5,0.042783934747057474,-52.5,0.0,XGBoost+LightGBM,2026-07-20T23:37:45.637533
824410,6:40 PM,668885,Austin Martin,676440,Tanner Bibee,0,104,71,5,0.013599087137335146,-84.9,0.0,XGBoost+LightGBM,2026-07-20T23:37:45.637533
824410,6:40 PM,665019,Kody Clemens,676440,Tanner Bibee,0,104,71,5,0.14668237442582774,63.0,0.0,XGBoost+LightGBM,2026-07-20T23:37:45.637533
824410,6:40 PM,656577,Alex Jackson,676440,Tanner Bibee,0,104,71,5,0.03956454670987199,-56.0,0.0,XGBoost+LightGBM,2026-07-20T23:37:45.637533
824410,6:40 PM,668904,Royce Lewis,676440,Tanner Bibee,0,104,71,5,0.08075277035152793,-10.3,0.0,XGBoost+LightGBM,2026-07-20T23:37:45.637533
824410,6:40 PM,605170,Victor Caratini,676440,Tanner Bibee,0,104,71,5,0.06105158768891121,-32.2,0.0,XGBoost+LightGBM,2026-07-20T23:37:45.637533
824410,6:40 PM,686797,Brooks Lee,676440,Tanner Bibee,0,104,71,5,0.07018590606834588,-22.0,0.0,XGBoost+LightGBM,2026-07-20T23:37:45.637533
824410,6:40 PM,702176,Alan Roden,676440,Tanner Bibee,0,104,71,5,0.003118872038544491,-96.5,0.0,XGBoost+LightGBM,2026-07-20T23:37:45.637533
824410,6:40 PM,668952,Ryan Kreidler,676440,Tanner Bibee,0,104,71,5,0.03779257749187983,-58.0,0.0,XGBoost+LightGBM,2026-07-20T23:37:45.637533
823522,7:05 PM,663757,Trent Grisham,677952,Braxton Ashcraft,0,116,71,5,0.05135353183134673,-42.9,0.0,XGBoost+LightGBM,2026-07-20T23:37:45.637533
823522,7:05 PM,700250,Ben Rice,677952,Braxton Ashcraft,0,116,71,5,0.07159080118771326,-20.5,0.0,XGBoost+LightGBM,2026-07-20T23:37:45.637533
823522,7:05 PM,502671,Paul Goldschmidt,677952,Braxton Ashcraft,0,116,71,5,0.056573890206717305,-37.1,0.0,XGBoost+LightGBM,2026-07-20T23:37:45.637533
823522,7:05 PM,641355,Cody Bellinger,677952,Braxton Ashcraft,0,116,71,5,0.029858208946342144,-66.8,0.0,XGBoost+LightGBM,2026-07-20T23:37:45.637533
823522,7:05 PM,665862,Jazz Chisholm Jr.,677952,Braxton Ashcraft,0,116,71,5,0.06184642482979475,-31.3,0.0,XGBoost+LightGBM,2026-07-20T23:37:45.637533
823522,7:05 PM,691176,Jasson Domínguez,677952,Braxton Ashcraft,0,116,71,5,0.04127177008917751,-54.1,0.0,XGBoost+LightGBM,2026-07-20T23:37:45.637533
823522,7:05 PM,641857,Ryan McMahon,677952,Braxton Ashcraft,0,116,71,5,0.058278362467309136,-35.2,0.0,XGBoost+LightGBM,2026-07-20T23:37:45.637533
823522,7:05 PM,669224,Austin Wells,677952,Braxton Ashcraft,0,116,71,5,0.03903651189083234,-56.6,0.0,XGBoost+LightGBM,2026-07-20T23:37:45.637533
823522,7:05 PM,676609,José Caballero,677952,Braxton Ashcraft,0,116,71,5,0.03545134609604149,-60.6,0.0,XGBoost+LightGBM,2026-07-20T23:37:45.637533
823522,7:05 PM,693304,Nick Gonzales,677960,Ryan Weathers,0,116,71,5,0.034582469363415774,-61.6,0.0,XGBoost+LightGBM,2026-07-20T23:37:45.637533
823522,7:05 PM,664040,Brandon Lowe,677960,Ryan Weathers,0,116,71,5,0.051647072920396886,-42.6,0.0,XGBoost+LightGBM,2026-07-20T23:37:45.637533
823522,7:05 PM,668804,Bryan Reynolds,677960,Ryan Weathers,0,116,71,5,0.059311597825632785,-34.1,0.0,XGBoost+LightGBM,2026-07-20T23:37:45.637533
823522,7:05 PM,699013,Esmerlyn Valdez,677960,Ryan Weathers,0,116,71,5,0.0725271405508767,-19.4,0.0,XGBoost+LightGBM,2026-07-20T23:37:45.637533
823522,7:05 PM,656811,Ryan O'Hearn,677960,Ryan Weathers,0,116,71,5,0.06427917519393939,-28.6,0.0,XGBoost+LightGBM,2026-07-20T23:37:45.637533
823522,7:05 PM,542303,Marcell Ozuna,677960,Ryan Weathers,0,116,71,5,0.046907081372607684,-47.9,0.0,XGBoost+LightGBM,2026-07-20T23:37:45.637533
823522,7:05 PM,694378,Jacob Gonzalez,677960,Ryan Weathers,0,116,71,5,0.031945860073762364,-64.5,0.0,XGBoost+LightGBM,2026-07-20T23:37:45.637533
823522,7:05 PM,804668,Rafael Flores Jr.,677960,Ryan Weathers,0,116,71,5,0.06474442642020058,-28.1,0.0,XGBoost+LightGBM,2026-07-20T23:37:45.637533
823522,7:05 PM,663968,Jake Mangum,677960,Ryan Weathers,0,116,71,5,0.013164219008365027,-85.4,0.0,XGBoost+LightGBM,2026-07-20T23:37:45.637533
822788,7:07 PM,676391,Ernie Clement,607259,Nick Martinez,0,101,71,5,0.03993688063990859,-55.6,0.0,XGBoost+LightGBM,2026-07-20T23:37:45.637533
822788,7:07 PM,664770,Nathan Lukes,607259,Nick Martinez,0,101,71,5,0.04267504018574551,-52.6,0.0,XGBoost+LightGBM,2026-07-20T23:37:45.637533
822788,7:07 PM,665489,Vladimir Guerrero Jr.,607259,Nick Martinez,0,101,71,5,0.019359017567304855,-78.5,0.0,XGBoost+LightGBM,2026-07-20T23:37:45.637533
822788,7:07 PM,543807,George Springer,607259,Nick Martinez,0,101,71,5,0.03994631759956762,-55.6,0.0,XGBoost+LightGBM,2026-07-20T23:37:45.637533
822788,7:07 PM,672960,Kazuma Okamoto,607259,Nick Martinez,0,101,71,5,0.06352559247795123,-29.4,0.0,XGBoost+LightGBM,2026-07-20T23:37:45.637533
822788,7:07 PM,662139,Daulton Varsho,607259,Nick Martinez,0,101,71,5,0.017017998827976194,-81.1,0.0,XGBoost+LightGBM,2026-07-20T23:37:45.637533
822788,7:07 PM,672386,Alejandro Kirk,607259,Nick Martinez,0,101,71,5,0.019506187097415407,-78.3,0.0,XGBoost+LightGBM,2026-07-20T23:37:45.637533
822788,7:07 PM,665926,Andrés Giménez,607259,Nick Martinez,0,101,71,5,0.020917698983470432,-76.8,0.0,XGBoost+LightGBM,2026-07-20T23:37:45.637533
822788,7:07 PM,664702,Myles Straw,607259,Nick Martinez,0,101,71,5,0.012803829564051211,-85.8,0.0,XGBoost+LightGBM,2026-07-20T23:37:45.637533
822788,7:07 PM,650490,Yandy Díaz,656302,Dylan Cease,0,101,71,5,0.017908024934002568,-80.1,0.0,XGBoost+LightGBM,2026-07-20T23:37:45.637533
822788,7:07 PM,666018,Jonathan Aranda,656302,Dylan Cease,0,101,71,5,0.01765683789880724,-80.4,0.0,XGBoost+LightGBM,2026-07-20T23:37:45.637533
822788,7:07 PM,691406,Junior Caminero,656302,Dylan Cease,0,101,71,5,0.046747468328842044,-48.1,0.0,XGBoost+LightGBM,2026-07-20T23:37:45.637533
822788,7:07 PM,656775,Cedric Mullins,656302,Dylan Cease,0,101,71,5,0.014566397112301344,-83.8,0.0,XGBoost+LightGBM,2026-07-20T23:37:45.637533
822788,7:07 PM,802415,Chandler Simpson,656302,Dylan Cease,0,101,71,5,0.0,-100.0,0.0,XGBoost+LightGBM,2026-07-20T23:37:45.637533
822788,7:07 PM,683748,Victor Mesa Jr.,656302,Dylan Cease,0,101,71,5,0.030543532265984545,-66.1,0.0,XGBoost+LightGBM,2026-07-20T23:37:45.637533
822788,7:07 PM,680700,Richie Palacios,656302,Dylan Cease,0,101,71,5,0.01110322377461997,-87.7,0.0,XGBoost+LightGBM,2026-07-20T23:37:45.637533
822788,7:07 PM,663743,Nick Fortes,656302,Dylan Cease,0,101,71,5,0.0032833404443211403,-96.4,0.0,XGBoost+LightGBM,2026-07-20T23:37:45.637533
822788,7:07 PM,670764,Taylor Walls,656302,Dylan Cease,0,101,71,5,0.0001145224180072546,-99.9,0.0,XGBoost+LightGBM,2026-07-20T23:37:45.637533
824736,7:10 PM,678011,Anthony Seigler,669358,Shane Baz,0,92,71,5,0.01134304988975537,-87.4,0.0,XGBoost+LightGBM,2026-07-20T23:37:45.637533
824736,7:10 PM,678882,Ceddanne Rafaela,669358,Shane Baz,0,92,71,5,0.010599596617660028,-88.2,0.0,XGBoost+LightGBM,2026-07-20T23:37:45.637533
824736,7:10 PM,677800,Wilyer Abreu,669358,Shane Baz,0,92,71,5,0.013013536061781803,-85.5,0.0,XGBoost+LightGBM,2026-07-20T23:37:45.637533
824736,7:10 PM,575929,Willson Contreras,669358,Shane Baz,0,92,71,5,0.015551965306513081,-82.7,0.0,XGBoost+LightGBM,2026-07-20T23:37:45.637533
824736,7:10 PM,807799,Masataka Yoshida,669358,Shane Baz,0,92,71,5,0.010562707029926555,-88.3,0.0,XGBoost+LightGBM,2026-07-20T23:37:45.637533
824736,7:10 PM,702332,Caleb Durbin,669358,Shane Baz,0,92,71,5,0.009916764237009806,-89.0,0.0,XGBoost+LightGBM,2026-07-20T23:37:45.637533
824736,7:10 PM,680776,Jarren Duran,669358,Shane Baz,0,92,71,5,0.010921743434967266,-87.9,0.0,XGBoost+LightGBM,2026-07-20T23:37:45.637533
824736,7:10 PM,657136,Connor Wong,669358,Shane Baz,0,92,71,5,0.008292482099676542,-90.8,0.0,XGBoost+LightGBM,2026-07-20T23:37:45.637533
824736,7:10 PM,691907,Tsung-Che Cheng,669358,Shane Baz,0,92,71,5,0.0,-100.0,0.0,XGBoost+LightGBM,2026-07-20T23:37:45.637533
824736,7:10 PM,621493,Taylor Ward,801139,Payton Tolle,0,92,71,5,0.01881311026003606,-79.1,0.0,XGBoost+LightGBM,2026-07-20T23:37:45.637533
824736,7:10 PM,624413,Pete Alonso,801139,Payton Tolle,0,92,71,5,0.03672587954302445,-59.2,0.0,XGBoost+LightGBM,2026-07-20T23:37:45.637533
824736,7:10 PM,683002,Gunnar Henderson,801139,Payton Tolle,0,92,71,5,0.034275152911695896,-61.9,0.0,XGBoost+LightGBM,2026-07-20T23:37:45.637533
824736,7:10 PM,641933,Tyler O'Neill,801139,Payton Tolle,0,92,71,5,0.03380392646118057,-62.4,0.0,XGBoost+LightGBM,2026-07-20T23:37:45.637533
824736,7:10 PM,687637,Dylan Beavers,801139,Payton Tolle,0,92,71,5,0.0003119761468115358,-99.7,0.0,XGBoost+LightGBM,2026-07-20T23:37:45.637533
824736,7:10 PM,665750,Leody Taveras,801139,Payton Tolle,0,92,71,5,0.013487015809386358,-85.0,0.0,XGBoost+LightGBM,2026-07-20T23:37:45.637533
824736,7:10 PM,669236,Jeremiah Jackson,801139,Payton Tolle,0,92,71,5,0.013797412557930773,-84.7,0.0,XGBoost+LightGBM,2026-07-20T23:37:45.637533
824736,7:10 PM,702616,Jackson Holliday,801139,Payton Tolle,0,92,71,5,0.03042019069059406,-66.2,0.0,XGBoost+LightGBM,2026-07-20T23:37:45.637533
824736,7:10 PM,681297,Colton Cowser,801139,Payton Tolle,0,92,71,5,0.02490514657102848,-72.3,0.0,XGBoost+LightGBM,2026-07-20T23:37:45.637533
823436,7:10 PM,607208,Trea Turner,686218,Emmet Sheehan,0,114,71,5,0.04397529991781897,-51.1,0.0,XGBoost+LightGBM,2026-07-20T23:37:45.637533
823436,7:10 PM,656941,Kyle Schwarber,686218,Emmet Sheehan,0,114,71,5,0.0678297775690232,-24.6,0.0,XGBoost+LightGBM,2026-07-20T23:37:45.637533
823436,7:10 PM,547180,Bryce Harper,686218,Emmet Sheehan,0,114,71,5,0.043327615252503275,-51.9,0.0,XGBoost+LightGBM,2026-07-20T23:37:45.637533
823436,7:10 PM,664761,Alec Bohm,686218,Emmet Sheehan,0,114,71,5,0.04895682668120416,-45.6,0.0,XGBoost+LightGBM,2026-07-20T23:37:45.637533
823436,7:10 PM,669016,Brandon Marsh,686218,Emmet Sheehan,0,114,71,5,0.0610928421138066,-32.1,0.0,XGBoost+LightGBM,2026-07-20T23:37:45.637533
823436,7:10 PM,681082,Bryson Stott,686218,Emmet Sheehan,0,114,71,5,0.009795028919033395,-89.1,0.0,XGBoost+LightGBM,2026-07-20T23:37:45.637533
823436,7:10 PM,592663,J.T. Realmuto,686218,Emmet Sheehan,0,114,71,5,0.0421736147236399,-53.1,0.0,XGBoost+LightGBM,2026-07-20T23:37:45.637533
823436,7:10 PM,656537,Derek Hill,686218,Emmet Sheehan,0,114,71,5,0.05358489094712331,-40.5,0.0,XGBoost+LightGBM,2026-07-20T23:37:45.637533
823436,7:10 PM,702222,Justin Crawford,686218,Emmet Sheehan,0,114,71,5,0.00038950532210777974,-99.6,0.0,XGBoost+LightGBM,2026-07-20T23:37:45.637533
823436,7:10 PM,660271,Shohei Ohtani,650911,Cristopher Sánchez,0,114,71,5,0.08204140795244956,-8.8,0.0,XGBoost+LightGBM,2026-07-20T23:37:45.637533
823436,7:10 PM,681624,Andy Pages,650911,Cristopher Sánchez,0,114,71,5,0.030752155051279633,-65.8,0.0,XGBoost+LightGBM,2026-07-20T23:37:45.637533
823436,7:10 PM,669242,Tommy Edman,650911,Cristopher Sánchez,0,114,71,5,0.0304490004541881,-66.2,0.0,XGBoost+LightGBM,2026-07-20T23:37:45.637533
823436,7:10 PM,672613,Eliezer Alfonzo,650911,Cristopher Sánchez,0,114,71,5,0.0004350857321416689,-99.5,0.0,XGBoost+LightGBM,2026-07-20T23:37:45.637533
823436,7:10 PM,605141,Mookie Betts,650911,Cristopher Sánchez,0,114,71,5,0.03918774214882828,-56.5,0.0,XGBoost+LightGBM,2026-07-20T23:37:45.637533
823436,7:10 PM,690976,Alex Freeland,650911,Cristopher Sánchez,0,114,71,5,0.007318467218931831,-91.9,0.0,XGBoost+LightGBM,2026-07-20T23:37:45.637533
823436,7:10 PM,606192,Teoscar Hernández,650911,Cristopher Sánchez,0,114,71,5,0.021482652391756413,-76.1,0.0,XGBoost+LightGBM,2026-07-20T23:37:45.637533
823436,7:10 PM,571970,Max Muncy,650911,Cristopher Sánchez,0,114,71,5,0.03617330014704903,-59.8,0.0,XGBoost+LightGBM,2026-07-20T23:37:45.637533
823436,7:10 PM,687221,Dalton Rushing,650911,Cristopher Sánchez,0,114,71,5,0.025519798465846233,-71.6,0.0,XGBoost+LightGBM,2026-07-20T23:37:45.637533
824898,7:15 PM,686948,Drake Baldwin,676664,JP Sears,0,102,71,5,0.0763620499278044,-15.2,0.0,XGBoost+LightGBM,2026-07-20T23:37:45.637533
824898,7:15 PM,645277,Ozzie Albies,676664,JP Sears,0,102,71,5,0.03623826656383669,-59.7,0.0,XGBoost+LightGBM,2026-07-20T23:37:45.637533
824898,7:15 PM,621566,Matt Olson,676664,JP Sears,0,102,71,5,0.08398177530270261,-6.7,0.0,XGBoost+LightGBM,2026-07-20T23:37:45.637533
824898,7:15 PM,663586,Austin Riley,676664,JP Sears,0,102,71,5,0.0375650512158719,-58.3,0.0,XGBoost+LightGBM,2026-07-20T23:37:45.637533
824898,7:15 PM,671739,Michael Harris II,676664,JP Sears,0,102,71,5,0.05530809690817948,-38.5,0.0,XGBoost+LightGBM,2026-07-20T23:37:45.637533
824898,7:15 PM,643289,Mauricio Dubón,676664,JP Sears,0,102,71,5,0.051675199024016696,-42.6,0.0,XGBoost+LightGBM,2026-07-20T23:37:45.637533
824898,7:15 PM,663698,Joey Bart,676664,JP Sears,0,102,71,5,0.0722407698923074,-19.7,0.0,XGBoost+LightGBM,2026-07-20T23:37:45.637533
824898,7:15 PM,805347,Jim Jarvis,676664,JP Sears,0,102,71,5,0.0344495225943121,-61.7,0.0,XGBoost+LightGBM,2026-07-20T23:37:45.637533
824898,7:15 PM,642201,Eli White,676664,JP Sears,0,102,71,5,0.0632597171320496,-29.7,0.0,XGBoost+LightGBM,2026-07-20T23:37:45.637533
824898,7:15 PM,665487,Fernando Tatis Jr.,693821,Bryce Elder,0,102,71,5,0.06196109869800737,-31.2,0.0,XGBoost+LightGBM,2026-07-20T23:37:45.637533
824898,7:15 PM,701538,Jackson Merrill,693821,Bryce Elder,0,102,71,5,0.06311664028999435,-29.9,0.0,XGBoost+LightGBM,2026-07-20T23:37:45.637533
824898,7:15 PM,592518,Manny Machado,693821,Bryce Elder,0,102,71,5,0.12028780186461,33.7,0.0,XGBoost+LightGBM,2026-07-20T23:37:45.637533
824898,7:15 PM,664034,Ty France,693821,Bryce Elder,0,102,71,5,0.10944802238675808,21.6,0.0,XGBoost+LightGBM,2026-07-20T23:37:45.637533
824898,7:15 PM,650859,Luis Rengifo,693821,Bryce Elder,0,102,71,5,0.0004309420585022244,-99.5,0.0,XGBoost+LightGBM,2026-07-20T23:37:45.637533
824898,7:15 PM,593428,Xander Bogaerts,693821,Bryce Elder,0,102,71,5,0.011974723858203081,-86.7,0.0,XGBoost+LightGBM,2026-07-20T23:37:45.637533
824898,7:15 PM,630105,Jake Cronenworth,693821,Bryce Elder,0,102,71,5,0.059235017490040794,-34.2,0.0,XGBoost+LightGBM,2026-07-20T23:37:45.637533
824898,7:15 PM,660710,Rodolfo Durán,693821,Bryce Elder,0,102,71,5,0.04633756134705672,-48.5,0.0,XGBoost+LightGBM,2026-07-20T23:37:45.637533
824898,7:15 PM,823550,Sung-Mun Song,693821,Bryce Elder,0,102,71,5,0.02445719871423159,-72.8,0.0,XGBoost+LightGBM,2026-07-20T23:37:45.637533
824087,7:40 PM,695600,Carter Jensen,686790,Trevor McDonald,0,84,71,5,0.023794745231713866,-73.6,0.0,XGBoost+LightGBM,2026-07-20T23:37:45.637533
824087,7:40 PM,679845,Nick Loftin,686790,Trevor McDonald,0,84,71,5,0.01586199050040448,-82.4,0.0,XGBoost+LightGBM,2026-07-20T23:37:45.637533
824087,7:40 PM,695506,Jac Caglianone,686790,Trevor McDonald,0,84,71,5,0.028076262827977563,-68.8,0.0,XGBoost+LightGBM,2026-07-20T23:37:45.637533
824087,7:40 PM,657041,Lane Thomas,686790,Trevor McDonald,0,84,71,5,0.01863303936683112,-79.3,0.0,XGBoost+LightGBM,2026-07-20T23:37:45.637533
824087,7:40 PM,686469,Vinnie Pasquantino,686790,Trevor McDonald,0,84,71,5,0.003556952107657257,-96.0,0.0,XGBoost+LightGBM,2026-07-20T23:37:45.637533
824087,7:40 PM,521692,Salvador Perez,686790,Trevor McDonald,0,84,71,5,0.012709427231154341,-85.9,0.0,XGBoost+LightGBM,2026-07-20T23:37:45.637533
824087,7:40 PM,686681,Michael Massey,686790,Trevor McDonald,0,84,71,5,0.013462553719246087,-85.0,0.0,XGBoost+LightGBM,2026-07-20T23:37:45.637533
824087,7:40 PM,668942,Josh Rojas,686790,Trevor McDonald,0,84,71,5,0.035415124552298734,-60.6,0.0,XGBoost+LightGBM,2026-07-20T23:37:45.637533
824087,7:40 PM,686475,Tyler Tolbert,686790,Trevor McDonald,0,84,71,5,0.01848379080792668,-79.5,0.0,XGBoost+LightGBM,2026-07-20T23:37:45.637533
824087,7:40 PM,650333,Luis Arraez,608379,Michael Wacha,0,84,71,5,0.008583825917070076,-90.5,0.0,XGBoost+LightGBM,2026-07-20T23:37:45.637533
824087,7:40 PM,805811,Bryce Eldridge,608379,Michael Wacha,0,84,71,5,0.03641660370461871,-59.5,0.0,XGBoost+LightGBM,2026-07-20T23:37:45.637533
824087,7:40 PM,669477,Casey Schmitt,608379,Michael Wacha,0,84,71,5,0.036818115757603354,-59.1,0.0,XGBoost+LightGBM,2026-07-20T23:37:45.637533
824087,7:40 PM,646240,Rafael Devers,608379,Michael Wacha,0,84,71,5,0.03573592017514977,-60.3,0.0,XGBoost+LightGBM,2026-07-20T23:37:45.637533
824087,7:40 PM,671218,Heliot Ramos,608379,Michael Wacha,0,84,71,5,0.03860903324498309,-57.1,0.0,XGBoost+LightGBM,2026-07-20T23:37:45.637533
824087,7:40 PM,808982,Jung Hoo Lee,608379,Michael Wacha,0,84,71,5,0.012754424660338513,-85.8,0.0,XGBoost+LightGBM,2026-07-20T23:37:45.637533
824087,7:40 PM,642715,Willy Adames,608379,Michael Wacha,0,84,71,5,0.04003955787562357,-55.5,0.0,XGBoost+LightGBM,2026-07-20T23:37:45.637533
824087,7:40 PM,687551,Drew Gilbert,608379,Michael Wacha,0,84,71,5,0.022024596277991762,-75.5,0.0,XGBoost+LightGBM,2026-07-20T23:37:45.637533
824087,7:40 PM,691740,Daniel Susac,608379,Michael Wacha,0,84,71,5,0.0003035192251913699,-99.7,0.0,XGBoost+LightGBM,2026-07-20T23:37:45.637533
823762,7:40 PM,592885,Christian Yelich,642547,Freddy Peralta,0,113,71,5,0.023674759778670333,-73.7,0.0,XGBoost+LightGBM,2026-07-20T23:37:45.637533
823762,7:40 PM,694192,Jackson Chourio,642547,Freddy Peralta,0,113,71,5,0.06989439021964611,-22.3,0.0,XGBoost+LightGBM,2026-07-20T23:37:45.637533
823762,7:40 PM,668930,Brice Turang,642547,Freddy Peralta,0,113,71,5,0.03763308700446391,-58.2,0.0,XGBoost+LightGBM,2026-07-20T23:37:45.637533
823762,7:40 PM,661388,William Contreras,642547,Freddy Peralta,0,113,71,5,0.03877824409892784,-56.9,0.0,XGBoost+LightGBM,2026-07-20T23:37:45.637533
823762,7:40 PM,669003,Garrett Mitchell,642547,Freddy Peralta,0,113,71,5,0.04056754013834141,-54.9,0.0,XGBoost+LightGBM,2026-07-20T23:37:45.637533
823762,7:40 PM,683734,Andrew Vaughn,642547,Freddy Peralta,0,113,71,5,0.007728266074358352,-91.4,0.0,XGBoost+LightGBM,2026-07-20T23:37:45.637533
823762,7:40 PM,663368,Blake Perkins,642547,Freddy Peralta,0,113,71,5,0.03365944684927157,-62.6,0.0,XGBoost+LightGBM,2026-07-20T23:37:45.637533
823762,7:40 PM,806198,Cooper Pratt,642547,Freddy Peralta,0,113,71,5,0.00020016239333202362,-99.8,0.0,XGBoost+LightGBM,2026-07-20T23:37:45.637533
823762,7:40 PM,687401,Joey Ortiz,642547,Freddy Peralta,0,113,71,5,0.030262563028490338,-66.4,0.0,XGBoost+LightGBM,2026-07-20T23:37:45.637533
823762,7:40 PM,805999,A.J. Ewing,694819,Jacob Misiorowski,0,113,71,5,0.030303067549491424,-66.3,0.0,XGBoost+LightGBM,2026-07-20T23:37:45.637533
823762,7:40 PM,665742,Juan Soto,694819,Jacob Misiorowski,0,113,71,5,0.05320901194272576,-40.9,0.0,XGBoost+LightGBM,2026-07-20T23:37:45.637533
823762,7:40 PM,666182,Bo Bichette,694819,Jacob Misiorowski,0,113,71,5,0.02382195751094541,-73.5,0.0,XGBoost+LightGBM,2026-07-20T23:37:45.637533
823762,7:40 PM,596019,Francisco Lindor,694819,Jacob Misiorowski,0,113,71,5,0.035290928144743564,-60.8,0.0,XGBoost+LightGBM,2026-07-20T23:37:45.637533
823762,7:40 PM,593871,Jorge Polanco,694819,Jacob Misiorowski,0,113,71,5,0.0009325012101374972,-99.0,0.0,XGBoost+LightGBM,2026-07-20T23:37:45.637533
823762,7:40 PM,676724,Jared Young,694819,Jacob Misiorowski,0,113,71,5,0.033411350776382596,-62.9,0.0,XGBoost+LightGBM,2026-07-20T23:37:45.637533
823762,7:40 PM,673357,Luis Robert Jr.,694819,Jacob Misiorowski,0,113,71,5,0.014432664694923233,-84.0,0.0,XGBoost+LightGBM,2026-07-20T23:37:45.637533
823762,7:40 PM,683146,Brett Baty,694819,Jacob Misiorowski,0,113,71,5,0.011252494708044746,-87.5,0.0,XGBoost+LightGBM,2026-07-20T23:37:45.637533
823762,7:40 PM,682626,Francisco Alvarez,694819,Jacob Misiorowski,0,113,71,5,0.039945512524623326,-55.6,0.0,XGBoost+LightGBM,2026-07-20T23:37:45.637533
824654,8:05 PM,691718,Pete Crow-Armstrong,656427,Jack Flaherty,0,105,71,5,0.04966693030431149,-44.8,0.0,XGBoost+LightGBM,2026-07-20T23:37:45.637533
824654,8:05 PM,673548,Seiya Suzuki,656427,Jack Flaherty,0,105,71,5,0.03517164229077247,-60.9,0.0,XGBoost+LightGBM,2026-07-20T23:37:45.637533
824654,8:05 PM,683737,Michael Busch,656427,Jack Flaherty,0,105,71,5,0.028465681700366133,-68.4,0.0,XGBoost+LightGBM,2026-07-20T23:37:45.637533
824654,8:05 PM,608324,Alex Bregman,656427,Jack Flaherty,0,105,71,5,0.016632266198847244,-81.5,0.0,XGBoost+LightGBM,2026-07-20T23:37:45.637533
824654,8:05 PM,664023,Ian Happ,656427,Jack Flaherty,0,105,71,5,0.024991368489414297,-72.2,0.0,XGBoost+LightGBM,2026-07-20T23:37:45.637533
824654,8:05 PM,663538,Nico Hoerner,656427,Jack Flaherty,0,105,71,5,0.00029997707394313817,-99.7,0.0,XGBoost+LightGBM,2026-07-20T23:37:45.637533
824654,8:05 PM,699393,Pedro Ramírez,656427,Jack Flaherty,0,105,71,5,0.010242147256009202,-88.6,0.0,XGBoost+LightGBM,2026-07-20T23:37:45.637533
824654,8:05 PM,621020,Dansby Swanson,656427,Jack Flaherty,0,105,71,5,0.020181640160460597,-77.6,0.0,XGBoost+LightGBM,2026-07-20T23:37:45.637533
824654,8:05 PM,624424,Michael Conforto,656427,Jack Flaherty,0,105,71,5,0.03072891202101379,-65.9,0.0,XGBoost+LightGBM,2026-07-20T23:37:45.637533
824654,8:05 PM,805808,Kevin McGonigle,592791,Jameson Taillon,0,105,71,5,0.052362309401448044,-41.8,0.0,XGBoost+LightGBM,2026-07-20T23:37:45.637533
824654,8:05 PM,663837,Matt Vierling,592791,Jameson Taillon,0,105,71,5,0.010095535565495204,-88.8,0.0,XGBoost+LightGBM,2026-07-20T23:37:45.637533
824654,8:05 PM,701678,Hao-Yu Lee,592791,Jameson Taillon,0,105,71,5,0.04837582282775543,-46.2,0.0,XGBoost+LightGBM,2026-07-20T23:37:45.637533
824654,8:05 PM,682985,Riley Greene,592791,Jameson Taillon,0,105,71,5,0.07103424806576475,-21.1,0.0,XGBoost+LightGBM,2026-07-20T23:37:45.637533
824654,8:05 PM,693307,Dillon Dingler,592791,Jameson Taillon,0,105,71,5,0.0838171128688509,-6.9,0.0,XGBoost+LightGBM,2026-07-20T23:37:45.637533
824654,8:05 PM,681481,Kerry Carpenter,592791,Jameson Taillon,0,105,71,5,0.07864025151674703,-12.6,0.0,XGBoost+LightGBM,2026-07-20T23:37:45.637533
824654,8:05 PM,679529,Spencer Torkelson,592791,Jameson Taillon,0,105,71,5,0.06823550960573294,-24.2,0.0,XGBoost+LightGBM,2026-07-20T23:37:45.637533
824654,8:05 PM,656716,Zach McKinstry,592791,Jameson Taillon,0,105,71,5,0.03485917801146701,-61.3,0.0,XGBoost+LightGBM,2026-07-20T23:37:45.637533
824654,8:05 PM,681546,James Outman,592791,Jameson Taillon,0,105,71,5,0.061402549000888026,-31.8,0.0,XGBoost+LightGBM,2026-07-20T23:37:45.637533
822874,8:05 PM,543309,Kyle Higashioka,607200,Erick Fedde,0,105,71,5,0.030237711433203838,-66.4,0.0,XGBoost+LightGBM,2026-07-20T23:37:45.637533
822874,8:05 PM,694671,Wyatt Langford,607200,Erick Fedde,0,105,71,5,0.04695640500182405,-47.8,0.0,XGBoost+LightGBM,2026-07-20T23:37:45.637533
822874,8:05 PM,673962,Josh Jung,607200,Erick Fedde,0,105,71,5,0.022085421034130952,-75.5,0.0,XGBoost+LightGBM,2026-07-20T23:37:45.637533
822874,8:05 PM,607043,Brandon Nimmo,607200,Erick Fedde,0,105,71,5,0.011506564773641023,-87.2,0.0,XGBoost+LightGBM,2026-07-20T23:37:45.637533
822874,8:05 PM,696030,Alejandro Osuna,607200,Erick Fedde,0,105,71,5,0.0051622810590042055,-94.3,0.0,XGBoost+LightGBM,2026-07-20T23:37:45.637533
822874,8:05 PM,695508,Cam Cauley,607200,Erick Fedde,0,105,71,5,9.147457118767004e-05,-99.9,0.0,XGBoost+LightGBM,2026-07-20T23:37:45.637533
822874,8:05 PM,694497,Evan Carter,607200,Erick Fedde,0,105,71,5,0.020764958816614415,-76.9,0.0,XGBoost+LightGBM,2026-07-20T23:37:45.637533
822874,8:05 PM,553869,Elias Díaz,607200,Erick Fedde,0,105,71,5,0.020917698983470432,-76.8,0.0,XGBoost+LightGBM,2026-07-20T23:37:45.637533
822874,8:05 PM,679822,Justin Foscue,607200,Erick Fedde,0,105,71,5,0.0405382038805992,-55.0,0.0,XGBoost+LightGBM,2026-07-20T23:37:45.637533
822874,8:05 PM,803011,Sam Antonacci,594798,Jacob deGrom,0,105,71,5,0.02900788119364369,-67.8,0.0,XGBoost+LightGBM,2026-07-20T23:37:45.637533
822874,8:05 PM,808959,Munetaka Murakami,594798,Jacob deGrom,0,105,71,5,0.04765901063426828,-47.0,0.0,XGBoost+LightGBM,2026-07-20T23:37:45.637533
822874,8:05 PM,678246,Miguel Vargas,594798,Jacob deGrom,0,105,71,5,0.03999272500554351,-55.6,0.0,XGBoost+LightGBM,2026-07-20T23:37:45.637533
822874,8:05 PM,682668,Luisangel Acuña,594798,Jacob deGrom,0,105,71,5,0.02222473205514855,-75.3,0.0,XGBoost+LightGBM,2026-07-20T23:37:45.637533
822874,8:05 PM,545341,Randal Grichuk,594798,Jacob deGrom,0,105,71,5,0.043159737698722396,-52.0,0.0,XGBoost+LightGBM,2026-07-20T23:37:45.637533
822874,8:05 PM,691011,Drew Romo,594798,Jacob deGrom,0,105,71,5,0.013711720508356277,-84.8,0.0,XGBoost+LightGBM,2026-07-20T23:37:45.637533
822874,8:05 PM,695731,Braden Montgomery,594798,Jacob deGrom,0,105,71,5,0.025938868974403104,-71.2,0.0,XGBoost+LightGBM,2026-07-20T23:37:45.637533
822874,8:05 PM,671976,Tristan Peters,594798,Jacob deGrom,0,105,71,5,0.022508352406508253,-75.0,0.0,XGBoost+LightGBM,2026-07-20T23:37:45.637533
822874,8:05 PM,805367,Chase Meidroth,594798,Jacob deGrom,0,105,71,5,0.020315930428886415,-77.4,0.0,XGBoost+LightGBM,2026-07-20T23:37:45.637533
824167,8:10 PM,665161,Jeremy Peña,676083,Janson Junk,0,100,71,5,0.03143919444436941,-65.1,0.0,XGBoost+LightGBM,2026-07-20T23:37:45.637533
824167,8:10 PM,670541,Yordan Alvarez,676083,Janson Junk,0,100,71,5,0.05087803550189823,-43.5,0.0,XGBoost+LightGBM,2026-07-20T23:37:45.637533
824167,8:10 PM,670623,Isaac Paredes,676083,Janson Junk,0,100,71,5,0.03159174504179415,-64.9,0.0,XGBoost+LightGBM,2026-07-20T23:37:45.637533
824167,8:10 PM,669397,Nick Allen,676083,Janson Junk,0,100,71,5,0.013268394323904677,-85.3,0.0,XGBoost+LightGBM,2026-07-20T23:37:45.637533
824167,8:10 PM,572233,Christian Walker,676083,Janson Junk,0,100,71,5,0.036923028759096664,-59.0,0.0,XGBoost+LightGBM,2026-07-20T23:37:45.637533
824167,8:10 PM,673237,Yainer Diaz,676083,Janson Junk,0,100,71,5,0.03780745565008049,-58.0,0.0,XGBoost+LightGBM,2026-07-20T23:37:45.637533
824167,8:10 PM,666211,Taylor Trammell,676083,Janson Junk,0,100,71,5,0.02632196565984223,-70.8,0.0,XGBoost+LightGBM,2026-07-20T23:37:45.637533
824167,8:10 PM,701358,Cam Smith,676083,Janson Junk,0,100,71,5,0.029373422470319082,-67.4,0.0,XGBoost+LightGBM,2026-07-20T23:37:45.637533
824167,8:10 PM,828599,Lucas Spence,676083,Janson Junk,0,100,71,5,0.00038950532210777974,-99.6,0.0,XGBoost+LightGBM,2026-07-20T23:37:45.637533
824167,8:10 PM,669065,Kyle Stowers,669854,Ronel Blanco,0,100,71,5,0.06340939835928609,-29.5,0.0,XGBoost+LightGBM,2026-07-20T23:37:45.637533
824167,8:10 PM,681715,Heriberto Hernández,669854,Ronel Blanco,0,100,71,5,0.07982598419894385,-11.3,0.0,XGBoost+LightGBM,2026-07-20T23:37:45.637533
824167,8:10 PM,669364,Xavier Edwards,669854,Ronel Blanco,0,100,71,5,0.0004392294160644668,-99.5,0.0,XGBoost+LightGBM,2026-07-20T23:37:45.637533
824167,8:10 PM,689414,Liam Hicks,669854,Ronel Blanco,0,100,71,5,0.03691027736935576,-59.0,0.0,XGBoost+LightGBM,2026-07-20T23:37:45.637533
824167,8:10 PM,665052,Griffin Conine,669854,Ronel Blanco,0,100,71,5,0.06700990107344361,-25.5,0.0,XGBoost+LightGBM,2026-07-20T23:37:45.637533
824167,8:10 PM,805300,Jakob Marsee,669854,Ronel Blanco,0,100,71,5,0.010984037834040502,-87.8,0.0,XGBoost+LightGBM,2026-07-20T23:37:45.637533
824167,8:10 PM,677870,Leo Jiménez,669854,Ronel Blanco,0,100,71,5,0.03376754732358092,-62.5,0.0,XGBoost+LightGBM,2026-07-20T23:37:45.637533
824167,8:10 PM,640459,Brian Navarreto,669854,Ronel Blanco,0,100,71,5,0.00039779266938666866,-99.6,0.0,XGBoost+LightGBM,2026-07-20T23:37:45.637533
824167,8:10 PM,691594,Javier Sanoja,669854,Ronel Blanco,0,100,71,5,0.026486637177183053,-70.6,0.0,XGBoost+LightGBM,2026-07-20T23:37:45.637533
824328,8:40 PM,664983,Jake McCarthy,674841,Andrew Alvarez,0,114,71,5,0.014701839125951275,-83.7,0.0,XGBoost+LightGBM,2026-07-20T23:37:45.637533
824328,8:40 PM,691720,Kyle Karros,674841,Andrew Alvarez,0,114,71,5,0.013478807503596995,-85.0,0.0,XGBoost+LightGBM,2026-07-20T23:37:45.637533
824328,8:40 PM,694249,Cole Carrigg,674841,Andrew Alvarez,0,114,71,5,0.012504778754301553,-86.1,0.0,XGBoost+LightGBM,2026-07-20T23:37:45.637533
824328,8:40 PM,696100,Hunter Goodman,674841,Andrew Alvarez,0,114,71,5,0.019230899194066984,-78.6,0.0,XGBoost+LightGBM,2026-07-20T23:37:45.637533
824328,8:40 PM,681198,TJ Rumfield,674841,Andrew Alvarez,0,114,71,5,0.008822403748878561,-90.2,0.0,XGBoost+LightGBM,2026-07-20T23:37:45.637533
824328,8:40 PM,650489,Willi Castro,674841,Andrew Alvarez,0,114,71,5,0.010629620071544953,-88.2,0.0,XGBoost+LightGBM,2026-07-20T23:37:45.637533
824328,8:40 PM,687859,Troy Johnston,674841,Andrew Alvarez,0,114,71,5,0.0035291443946521687,-96.1,0.0,XGBoost+LightGBM,2026-07-20T23:37:45.637533
824328,8:40 PM,671289,Tyler Freeman,674841,Andrew Alvarez,0,114,71,5,0.00039779266938666866,-99.6,0.0,XGBoost+LightGBM,2026-07-20T23:37:45.637533
824328,8:40 PM,664954,Brett Sullivan,674841,Andrew Alvarez,0,114,71,5,0.0099785830000954,-88.9,0.0,XGBoost+LightGBM,2026-07-20T23:37:45.637533
824328,8:40 PM,695578,James Wood,607536,Kyle Freeland,0,114,71,5,0.06903923825470372,-23.3,0.0,XGBoost+LightGBM,2026-07-20T23:37:45.637533
824328,8:40 PM,678554,Curtis Mead,607536,Kyle Freeland,0,114,71,5,0.06809398031030836,-24.3,0.0,XGBoost+LightGBM,2026-07-20T23:37:45.637533
824328,8:40 PM,695734,Daylen Lile,607536,Kyle Freeland,0,114,71,5,0.033851809722155575,-62.4,0.0,XGBoost+LightGBM,2026-07-20T23:37:45.637533
824328,8:40 PM,682928,CJ Abrams,607536,Kyle Freeland,0,114,71,5,0.06539262344999876,-27.3,0.0,XGBoost+LightGBM,2026-07-20T23:37:45.637533
824328,8:40 PM,686611,Dylan Crews,607536,Kyle Freeland,0,114,71,5,0.048783364627511996,-45.8,0.0,XGBoost+LightGBM,2026-07-20T23:37:45.637533
824328,8:40 PM,696285,Jacob Young,607536,Kyle Freeland,0,114,71,5,0.025489840469523344,-71.7,0.0,XGBoost+LightGBM,2026-07-20T23:37:45.637533
824328,8:40 PM,660688,Keibert Ruiz,607536,Kyle Freeland,0,114,71,5,0.03203652499427169,-64.4,0.0,XGBoost+LightGBM,2026-07-20T23:37:45.637533
824328,8:40 PM,671277,Luis García Jr.,607536,Kyle Freeland,0,114,71,5,0.0888695103025266,-1.3,0.0,XGBoost+LightGBM,2026-07-20T23:37:45.637533
824328,8:40 PM,683083,Nasim Nuñez,607536,Kyle Freeland,0,114,71,5,0.0065272808759360935,-92.7,0.0,XGBoost+LightGBM,2026-07-20T23:37:45.637533
825058,9:40 PM,606466,Ketel Marte,605488,Jeffrey Springs,0,94,71,5,0.07968062236130573,-11.5,0.0,XGBoost+LightGBM,2026-07-20T23:37:45.637533
825058,9:40 PM,672695,Geraldo Perdomo,605488,Jeffrey Springs,0,94,71,5,0.05514314972435399,-38.7,0.0,XGBoost+LightGBM,2026-07-20T23:37:45.637533
825058,9:40 PM,694374,Tim Tawa,605488,Jeffrey Springs,0,94,71,5,0.16432614301450094,82.6,0.0,XGBoost+LightGBM,2026-07-20T23:37:45.637533
825058,9:40 PM,672515,Gabriel Moreno,605488,Jeffrey Springs,0,94,71,5,0.04095761263967161,-54.5,0.0,XGBoost+LightGBM,2026-07-20T23:37:45.637533
825058,9:40 PM,545121,Ildemaro Vargas,605488,Jeffrey Springs,0,94,71,5,0.0048984635409390015,-94.6,0.0,XGBoost+LightGBM,2026-07-20T23:37:45.637533
825058,9:40 PM,571448,Nolan Arenado,605488,Jeffrey Springs,0,94,71,5,0.06143339744573165,-31.7,0.0,XGBoost+LightGBM,2026-07-20T23:37:45.637533
825058,9:40 PM,682988,Tyler Locklear,605488,Jeffrey Springs,0,94,71,5,0.0019217140464976054,-97.9,0.0,XGBoost+LightGBM,2026-07-20T23:37:45.637533
825058,9:40 PM,814439,Ryan Waldschmidt,605488,Jeffrey Springs,0,94,71,5,0.008813976819568503,-90.2,0.0,XGBoost+LightGBM,2026-07-20T23:37:45.637533
825058,9:40 PM,678489,Jorge Barrosa,605488,Jeffrey Springs,0,94,71,5,0.05469199109003581,-39.2,0.0,XGBoost+LightGBM,2026-07-20T23:37:45.637533
825058,9:40 PM,805779,Jacob Wilson,683352,Mitch Bratt,0,94,71,5,0.041827523855912166,-53.5,0.0,XGBoost+LightGBM,2026-07-20T23:37:45.637533
825058,9:40 PM,691016,Tyler Soderstrom,683352,Mitch Bratt,0,94,71,5,0.07384813869773357,-17.9,0.0,XGBoost+LightGBM,2026-07-20T23:37:45.637533
825058,9:40 PM,669127,Shea Langeliers,683352,Mitch Bratt,0,94,71,5,0.05717382164848961,-36.5,0.0,XGBoost+LightGBM,2026-07-20T23:37:45.637533
825058,9:40 PM,671732,Lawrence Butler,683352,Mitch Bratt,0,94,71,5,0.024480116471155933,-72.8,0.0,XGBoost+LightGBM,2026-07-20T23:37:45.637533
825058,9:40 PM,622268,Donovan Walton,683352,Mitch Bratt,0,94,71,5,0.03701971320491378,-58.9,0.0,XGBoost+LightGBM,2026-07-20T23:37:45.637533
825058,9:40 PM,641680,Jonah Heim,683352,Mitch Bratt,0,94,71,5,0.062030294831603036,-31.1,0.0,XGBoost+LightGBM,2026-07-20T23:37:45.637533
825058,9:40 PM,695720,Tommy White,683352,Mitch Bratt,0,94,71,5,0.0004060800166655576,-99.5,0.0,XGBoost+LightGBM,2026-07-20T23:37:45.637533
825058,9:40 PM,675961,Alika Williams,683352,Mitch Bratt,0,94,71,5,0.0310795955630625,-65.5,0.0,XGBoost+LightGBM,2026-07-20T23:37:45.637533
825058,9:40 PM,703607,Henry Bolte,683352,Mitch Bratt,0,94,71,5,0.02259709319224545,-74.9,0.0,XGBoost+LightGBM,2026-07-20T23:37:45.637533
823112,9:40 PM,668227,Randy Arozarena,671096,Andrew Abbott,0,92,71,5,0.04687121455172898,-47.9,0.0,XGBoost+LightGBM,2026-07-20T23:37:45.637533
823112,9:40 PM,642215,Weston Wilson,671096,Andrew Abbott,0,92,71,5,0.0513974161859842,-42.9,0.0,XGBoost+LightGBM,2026-07-20T23:37:45.637533
823112,9:40 PM,686527,Dominic Canzone,671096,Andrew Abbott,0,92,71,5,0.07365928150507565,-18.2,0.0,XGBoost+LightGBM,2026-07-20T23:37:45.637533
823112,9:40 PM,663728,Cal Raleigh,671096,Andrew Abbott,0,92,71,5,0.028260527091031988,-68.6,0.0,XGBoost+LightGBM,2026-07-20T23:37:45.637533
823112,9:40 PM,647304,Josh Naylor,671096,Andrew Abbott,0,92,71,5,0.023235409387458533,-74.2,0.0,XGBoost+LightGBM,2026-07-20T23:37:45.637533
823112,9:40 PM,702284,Cole Young,671096,Andrew Abbott,0,92,71,5,0.06698357708869715,-25.6,0.0,XGBoost+LightGBM,2026-07-20T23:37:45.637533
823112,9:40 PM,645302,Victor Robles,671096,Andrew Abbott,0,92,71,5,0.0004060800166655576,-99.5,0.0,XGBoost+LightGBM,2026-07-20T23:37:45.637533
823112,9:40 PM,670042,Luke Raley,671096,Andrew Abbott,0,92,71,5,0.04166330301585199,-53.7,0.0,XGBoost+LightGBM,2026-07-20T23:37:45.637533
823112,9:40 PM,806068,Colt Emerson,671096,Andrew Abbott,0,92,71,5,0.04476589567169031,-50.3,0.0,XGBoost+LightGBM,2026-07-20T23:37:45.637533
823112,9:40 PM,682829,Elly De La Cruz,669923,George Kirby,0,92,71,5,0.03564664864395725,-60.4,0.0,XGBoost+LightGBM,2026-07-20T23:37:45.637533
823112,9:40 PM,701398,Sal Stewart,669923,George Kirby,0,92,71,5,0.02840143175655361,-68.4,0.0,XGBoost+LightGBM,2026-07-20T23:37:45.637533
823112,9:40 PM,668709,JJ Bleday,669923,George Kirby,0,92,71,5,0.04492542808098335,-50.1,0.0,XGBoost+LightGBM,2026-07-20T23:37:45.637533
823112,9:40 PM,668715,Spencer Steer,669923,George Kirby,0,92,71,5,0.03737567198573026,-58.5,0.0,XGBoost+LightGBM,2026-07-20T23:37:45.637533
823112,9:40 PM,553993,Eugenio Suárez,669923,George Kirby,0,92,71,5,0.03734436572753523,-58.5,0.0,XGBoost+LightGBM,2026-07-20T23:37:45.637533
823112,9:40 PM,663886,Tyler Stephenson,669923,George Kirby,0,92,71,5,0.02851501015648477,-68.3,0.0,XGBoost+LightGBM,2026-07-20T23:37:45.637533
823112,9:40 PM,667472,Dane Myers,669923,George Kirby,0,92,71,5,0.00040608000715830635,-99.5,0.0,XGBoost+LightGBM,2026-07-20T23:37:45.637533
823112,9:40 PM,695490,Edwin Arroyo,669923,George Kirby,0,92,71,5,0.0001098146877144818,-99.9,0.0,XGBoost+LightGBM,2026-07-20T23:37:45.637533
823112,9:40 PM,663647,Ke'Bryan Hayes,669923,George Kirby,0,92,71,5,0.00018899680718411532,-99.8,0.0,XGBoost+LightGBM,2026-07-20T23:37:45.637533
824006,10:10 PM,687263,Zach Neto,681517,Kyle Leahy,0,108,71,5,0.03111560450319797,-65.4,0.0,XGBoost+LightGBM,2026-07-20T23:37:45.637533
824006,10:10 PM,545361,Mike Trout,681517,Kyle Leahy,0,108,71,5,0.021845771719061678,-75.7,0.0,XGBoost+LightGBM,2026-07-20T23:37:45.637533
824006,10:10 PM,694384,Nolan Schanuel,681517,Kyle Leahy,0,108,71,5,0.019449771177249112,-78.4,0.0,XGBoost+LightGBM,2026-07-20T23:37:45.637533
824006,10:10 PM,624585,Jorge Soler,681517,Kyle Leahy,0,108,71,5,0.011896311187092825,-86.8,0.0,XGBoost+LightGBM,2026-07-20T23:37:45.637533
824006,10:10 PM,687093,Vaughn Grissom,681517,Kyle Leahy,0,108,71,5,0.01701203489947123,-81.1,0.0,XGBoost+LightGBM,2026-07-20T23:37:45.637533
824006,10:10 PM,666139,Josh Lowe,681517,Kyle Leahy,0,108,71,5,0.021789269774448367,-75.8,0.0,XGBoost+LightGBM,2026-07-20T23:37:45.637533
824006,10:10 PM,666176,Jo Adell,681517,Kyle Leahy,0,108,71,5,0.01789795963769694,-80.1,0.0,XGBoost+LightGBM,2026-07-20T23:37:45.637533
824006,10:10 PM,694203,Denzer Guzman,681517,Kyle Leahy,0,108,71,5,0.016449587199668388,-81.7,0.0,XGBoost+LightGBM,2026-07-20T23:37:45.637533
824006,10:10 PM,681351,Logan O'Hoppe,681517,Kyle Leahy,0,108,71,5,0.013934832776056272,-84.5,0.0,XGBoost+LightGBM,2026-07-20T23:37:45.637533
824006,10:10 PM,802139,JJ Wetherholt,667755,José Soriano,0,108,71,5,0.023674759443394207,-73.7,0.0,XGBoost+LightGBM,2026-07-20T23:37:45.637533
824006,10:10 PM,671056,Iván Herrera,667755,José Soriano,0,108,71,5,0.018334435400792007,-79.6,0.0,XGBoost+LightGBM,2026-07-20T23:37:45.637533
824006,10:10 PM,676475,Alec Burleson,667755,José Soriano,0,108,71,5,0.03849034304579611,-57.2,0.0,XGBoost+LightGBM,2026-07-20T23:37:45.637533
824006,10:10 PM,691023,Jordan Walker,667755,José Soriano,0,108,71,5,0.04525569928278916,-49.7,0.0,XGBoost+LightGBM,2026-07-20T23:37:45.637533
824006,10:10 PM,663457,Lars Nootbaar,667755,José Soriano,0,108,71,5,0.028288582198707897,-68.6,0.0,XGBoost+LightGBM,2026-07-20T23:37:45.637533
824006,10:10 PM,691026,Masyn Winn,667755,José Soriano,0,108,71,5,0.015995064598798236,-82.2,0.0,XGBoost+LightGBM,2026-07-20T23:37:45.637533
824006,10:10 PM,701675,Nathan Church,667755,José Soriano,0,108,71,5,0.034052116645699855,-62.2,0.0,XGBoost+LightGBM,2026-07-20T23:37:45.637533
824006,10:10 PM,691458,Blaze Jordan,667755,José Soriano,0,108,71,5,0.018699430214592583,-79.2,0.0,XGBoost+LightGBM,2026-07-20T23:37:45.637533
824006,10:10 PM,699625,Jimmy Crooks,667755,José Soriano,0,108,71,5,0.03541968943550444,-60.6,0.0,XGBoost+LightGBM,2026-07-20T23:37:45.637533
